-- 图书表
INSERT INTO BIZ_BOOK (ID, NAME, AUTHOR, PRICE, CODE, DESCRIPTION, CREATE_TIME, UPDATE_TIME) VALUES (1, '边城', '沈从文', 30.0000000000, '9283982398', '文学书籍', '2023-05-27 16:33:22.000000', '2023-05-27 16:33:22.000000');
INSERT INTO BIZ_BOOK (ID, NAME, AUTHOR, PRICE, CODE, DESCRIPTION, CREATE_TIME, UPDATE_TIME) VALUES (2, '编程之美', '佚名', 99.0000000000, '92894893489', '工科书籍', '2023-05-27 16:34:31.000000', '2023-05-27 16:34:31.000000');

-- 权限表
INSERT INTO SYS_PERMISSION (ID, NAME, DESCRIPTION, CREATE_TIME, UPDATE_TIME) VALUES (1, 'book:list', '获取图书列表', '2023-05-27 16:30:12.000000', '2023-05-27 16:30:17.000000');
INSERT INTO SYS_PERMISSION (ID, NAME, DESCRIPTION, CREATE_TIME, UPDATE_TIME) VALUES (2, 'book:read', '获取图书', '2023-05-27 16:31:14.000000', '2023-05-27 16:31:17.000000');
INSERT INTO SYS_PERMISSION (ID, NAME, DESCRIPTION, CREATE_TIME, UPDATE_TIME) VALUES (3, 'book:insert', '新增图书', '2023-05-27 16:31:29.000000', '2023-05-27 16:31:18.000000');
INSERT INTO SYS_PERMISSION (ID, NAME, DESCRIPTION, CREATE_TIME, UPDATE_TIME) VALUES (4, 'book:delete', '删除图书', '2023-05-27 16:31:25.000000', '2023-05-27 16:31:19.000000');
INSERT INTO SYS_PERMISSION (ID, NAME, DESCRIPTION, CREATE_TIME, UPDATE_TIME) VALUES (5, 'book:update', '更新图书', '2023-05-27 16:31:22.000000', '2023-05-27 16:31:21.000000');

-- 角色权限表
INSERT INTO SYS_ROLE_PERMISSION (ROLE_ID, PERMISSION_ID, CREATE_TIME, UPDATE_TIME) VALUES (1, 1, '2023-05-27 16:32:12.000000', '2023-05-27 16:32:14.000000');
INSERT INTO SYS_ROLE_PERMISSION (ROLE_ID, PERMISSION_ID, CREATE_TIME, UPDATE_TIME) VALUES (1, 2, '2023-05-27 16:32:12.000000', '2023-05-27 16:32:14.000000');
INSERT INTO SYS_ROLE_PERMISSION (ROLE_ID, PERMISSION_ID, CREATE_TIME, UPDATE_TIME) VALUES (1, 3, '2023-05-27 16:32:12.000000', '2023-05-27 16:32:14.000000');
INSERT INTO SYS_ROLE_PERMISSION (ROLE_ID, PERMISSION_ID, CREATE_TIME, UPDATE_TIME) VALUES (1, 4, '2023-05-27 16:32:12.000000', '2023-05-27 16:32:14.000000');
INSERT INTO SYS_ROLE_PERMISSION (ROLE_ID, PERMISSION_ID, CREATE_TIME, UPDATE_TIME) VALUES (1, 5, '2023-05-27 16:32:12.000000', '2023-05-27 16:32:14.000000');
INSERT INTO SYS_ROLE_PERMISSION (ROLE_ID, PERMISSION_ID, CREATE_TIME, UPDATE_TIME) VALUES (2, 1, '2023-05-27 16:32:30.000000', '2023-05-27 16:32:31.000000');

-- 角色表
INSERT INTO SYS_ROLE (ID, NAME, CREATE_TIME, UPDATE_TIME) VALUES (1, '超级管理员', '2023-05-27 16:28:50.000000', '2023-05-27 16:28:54.000000');
INSERT INTO SYS_ROLE (ID, NAME, CREATE_TIME, UPDATE_TIME) VALUES (2, '数据管理员', '2023-05-27 16:29:03.000000', '2023-05-27 16:29:07.000000');

-- 用户角色表
INSERT INTO SYS_USER_ROLE (ROLE_ID, USER_ID, CREATE_TIME, UPDATE_TIME) VALUES (1, 1, '2023-05-27 16:32:46.000000', '2023-05-27 16:32:46.000000');
INSERT INTO SYS_USER_ROLE (ROLE_ID, USER_ID, CREATE_TIME, UPDATE_TIME) VALUES (2, 2, '2023-05-27 16:32:46.000000', '2023-05-27 16:32:46.000000');

-- 用户表
INSERT INTO SYS_USER (ID, USERNAME, NICKNAME, PASSWORD, CREATE_TIME, UPDATE_TIME) VALUES (1, 'Admin', '超级管理员', '$2a$10$0A5BbgENOCY6aYMN9eBzkOuBZfiZ6OKeFyU2UqoCj4RZHFI.KAdse', '2023-05-27 12:10:31.000000', '2023-05-27 12:10:35.000000');
INSERT INTO SYS_USER (ID, USERNAME, NICKNAME, PASSWORD, CREATE_TIME, UPDATE_TIME) VALUES (2, 'Hainan', '数字海南', '$2a$10$pC2/69AN1GVn56XsKBRugeVh3vhgs07Xz3nzfcwVhj1shUISunufG', '2023-05-27 12:14:05.000000', '2023-05-27 12:14:33.000000');
